Country;Subject Descriptor;Units;Scale;2019
Afghanistan;Gross domestic product, current prices;U.S. dollars;Billions;19.99
Afghanistan;Inflation, average consumer prices;Percent change;;1.9
Afghanistan;Inflation, end of period consumer prices;Index;;116.557
Afghanistan;Volume of imports of goods and services;Percent change;;3.751
Afghanistan;Volume of exports of goods and services;Percent change;;5.982
Afghanistan;Unemployment rate;Percent of total labor force;;
Afghanistan;Population;Persons;Millions;36.51
Albania;Gross domestic product, current prices;U.S. dollars;Billions;15.96
Albania;Inflation, average consumer prices;Percent change;;1.999
Albania;Inflation, end of period consumer prices;Index;;108.215
Albania;Volume of imports of goods and services;Percent change;;5.194
Albania;Volume of exports of goods and services;Percent change;;4.927
Albania;Unemployment rate;Percent of total labor force;;13.719
Albania;Population;Persons;Millions;2.87
Algeria;Gross domestic product, current prices;U.S. dollars;Billions;183.687
Algeria;Inflation, average consumer prices;Percent change;;5.6
Algeria;Inflation, end of period consumer prices;Index;;211.48
Algeria;Volume of imports of goods and services;Percent change;;8.646
Algeria;Volume of exports of goods and services;Percent change;;4.547
Algeria;Unemployment rate;Percent of total labor force;;12.575
Algeria;Population;Persons;Millions;43.427
Angola;Gross domestic product, current prices;U.S. dollars;Billions;92.191
Angola;Inflation, average consumer prices;Percent change;;17.463
Angola;Inflation, end of period consumer prices;Index;;375.112
Angola;Volume of imports of goods and services;Percent change;;-9.463
Angola;Volume of exports of goods and services;Percent change;;1.074
Angola;Unemployment rate;Percent of total labor force;;
Angola;Population;Persons;Millions;30.128
Antigua and Barbuda;Gross domestic product, current prices;U.S. dollars;Billions;1.717
Antigua and Barbuda;Inflation, average consumer prices;Percent change;;1.97
Antigua and Barbuda;Inflation, end of period consumer prices;Index;;143.138
Antigua and Barbuda;Volume of imports of goods and services;Percent change;;6.078
Antigua and Barbuda;Volume of exports of goods and services;Percent change;;5.923
Antigua and Barbuda;Unemployment rate;Percent of total labor force;;
Antigua and Barbuda;Population;Persons;Millions;0.093
Argentina;Gross domestic product, current prices;U.S. dollars;Billions;477.743
Argentina;Inflation, average consumer prices;Percent change;;43.691
Argentina;Inflation, end of period consumer prices;Index;;450.443
Argentina;Volume of imports of goods and services;Percent change;;-8.877
Argentina;Volume of exports of goods and services;Percent change;;10.226
Argentina;Unemployment rate;Percent of total labor force;;9.943
Argentina;Population;Persons;Millions;45.052
Armenia;Gross domestic product, current prices;U.S. dollars;Billions;13.105
Armenia;Inflation, average consumer prices;Percent change;;2.123
Armenia;Inflation, end of period consumer prices;Index;;297.897
Armenia;Volume of imports of goods and services;Percent change;;2.622
Armenia;Volume of exports of goods and services;Percent change;;8.64
Armenia;Unemployment rate;Percent of total labor force;;17.912
Armenia;Population;Persons;Millions;2.991
Aruba;Gross domestic product, current prices;U.S. dollars;Billions;2.875
Aruba;Inflation, average consumer prices;Percent change;;1.377
Aruba;Inflation, end of period consumer prices;Index;;123.245
Aruba;Volume of imports of goods and services;Percent change;;
Aruba;Volume of exports of goods and services;Percent change;;
Aruba;Unemployment rate;Percent of total labor force;;n/a
Aruba;Population;Persons;Millions;0.112
Australia;Gross domestic product, current prices;U.S. dollars;Billions;1,417.00
Australia;Inflation, average consumer prices;Percent change;;2.017
Australia;Inflation, end of period consumer prices;Index;;116.644
Australia;Volume of imports of goods and services;Percent change;;1.254
Australia;Volume of exports of goods and services;Percent change;;0.981
Australia;Unemployment rate;Percent of total labor force;;4.793
Australia;Population;Persons;Millions;25.568
Austria;Gross domestic product, current prices;U.S. dollars;Billions;459.589
Austria;Inflation, average consumer prices;Percent change;;1.762
Austria;Inflation, end of period consumer prices;Index;;130.471
Austria;Volume of imports of goods and services;Percent change;;2.287
Austria;Volume of exports of goods and services;Percent change;;2.736
Austria;Unemployment rate;Percent of total labor force;;5.1
Austria;Population;Persons;Millions;8.95
Azerbaijan;Gross domestic product, current prices;U.S. dollars;Billions;45.248
Azerbaijan;Inflation, average consumer prices;Percent change;;2.5
Azerbaijan;Inflation, end of period consumer prices;Index;;268.519
Azerbaijan;Volume of imports of goods and services;Percent change;;-2.22
Azerbaijan;Volume of exports of goods and services;Percent change;;9.587
Azerbaijan;Unemployment rate;Percent of total labor force;;4.993
Azerbaijan;Population;Persons;Millions;10.059
The Bahamas;Gross domestic product, current prices;U.S. dollars;Billions;13.262
The Bahamas;Inflation, average consumer prices;Percent change;;2.615
The Bahamas;Inflation, end of period consumer prices;Index;;109.452
The Bahamas;Volume of imports of goods and services;Percent change;;-0.203
The Bahamas;Volume of exports of goods and services;Percent change;;2.91
The Bahamas;Unemployment rate;Percent of total labor force;;9.046
The Bahamas;Population;Persons;Millions;0.381
Bahrain;Gross domestic product, current prices;U.S. dollars;Billions;38.952
Bahrain;Inflation, average consumer prices;Percent change;;3.3
Bahrain;Inflation, end of period consumer prices;Index;;135.812
Bahrain;Volume of imports of goods and services;Percent change;;0.556
Bahrain;Volume of exports of goods and services;Percent change;;2.871
Bahrain;Unemployment rate;Percent of total labor force;;3.949
Bahrain;Population;Persons;Millions;1.511
Bangladesh;Gross domestic product, current prices;U.S. dollars;Billions;314.656
Bangladesh;Inflation, average consumer prices;Percent change;;5.378
Bangladesh;Inflation, end of period consumer prices;Index;;282.499
Bangladesh;Volume of imports of goods and services;Percent change;;5.219
Bangladesh;Volume of exports of goods and services;Percent change;;8.07
Bangladesh;Unemployment rate;Percent of total labor force;;
Bangladesh;Population;Persons;Millions;166.586
Barbados;Gross domestic product, current prices;U.S. dollars;Billions;5.207
Barbados;Inflation, average consumer prices;Percent change;;1.31
Barbados;Inflation, end of period consumer prices;Index;;187.682
Barbados;Volume of imports of goods and services;Percent change;;2.944
Barbados;Volume of exports of goods and services;Percent change;;1.812
Barbados;Unemployment rate;Percent of total labor force;;10.425
Barbados;Population;Persons;Millions;0.287
Belarus;Gross domestic product, current prices;U.S. dollars;Billions;60.951
Belarus;Inflation, average consumer prices;Percent change;;4.97
Belarus;Inflation, end of period consumer prices;Index;;839.715
Belarus;Volume of imports of goods and services;Percent change;;-0.126
Belarus;Volume of exports of goods and services;Percent change;;0.012
Belarus;Unemployment rate;Percent of total labor force;;0.768
Belarus;Population;Persons;Millions;9.41
Belgium;Gross domestic product, current prices;U.S. dollars;Billions;531.813
Belgium;Inflation, average consumer prices;Percent change;;1.93
Belgium;Inflation, end of period consumer prices;Index;;108.799
Belgium;Volume of imports of goods and services;Percent change;;2.9
Belgium;Volume of exports of goods and services;Percent change;;2.827
Belgium;Unemployment rate;Percent of total labor force;;5.9
Belgium;Population;Persons;Millions;11.47
Belize;Gross domestic product, current prices;U.S. dollars;Billions;1.997
Belize;Inflation, average consumer prices;Percent change;;1.2
Belize;Inflation, end of period consumer prices;Index;;138.589
Belize;Volume of imports of goods and services;Percent change;;7.708
Belize;Volume of exports of goods and services;Percent change;;4.54
Belize;Unemployment rate;Percent of total labor force;;10.089
Belize;Population;Persons;Millions;0.406
Benin;Gross domestic product, current prices;U.S. dollars;Billions;11.184
Benin;Inflation, average consumer prices;Percent change;;2.049
Benin;Inflation, end of period consumer prices;Index;;117.374
Benin;Volume of imports of goods and services;Percent change;;19.323
Benin;Volume of exports of goods and services;Percent change;;40.753
Benin;Unemployment rate;Percent of total labor force;;
Benin;Population;Persons;Millions;11.722
Bhutan;Gross domestic product, current prices;U.S. dollars;Billions;2.84
Bhutan;Inflation, average consumer prices;Percent change;;3.987
Bhutan;Inflation, end of period consumer prices;Index;;237.132
Bhutan;Volume of imports of goods and services;Percent change;;-8.346
Bhutan;Volume of exports of goods and services;Percent change;;16.029
Bhutan;Unemployment rate;Percent of total labor force;;3.2
Bhutan;Population;Persons;Millions;0.83
Bolivia;Gross domestic product, current prices;U.S. dollars;Billions;43.687
Bolivia;Inflation, average consumer prices;Percent change;;2.302
Bolivia;Inflation, end of period consumer prices;Index;;105.864
Bolivia;Volume of imports of goods and services;Percent change;;8.086
Bolivia;Volume of exports of goods and services;Percent change;;9.239
Bolivia;Unemployment rate;Percent of total labor force;;4
Bolivia;Population;Persons;Millions;11.428
Bosnia and Herzegovina;Gross domestic product, current prices;U.S. dollars;Billions;20.152
Bosnia and Herzegovina;Inflation, average consumer prices;Percent change;;1.467
Bosnia and Herzegovina;Inflation, end of period consumer prices;Index;;135.103
Bosnia and Herzegovina;Volume of imports of goods and services;Percent change;;4.097
Bosnia and Herzegovina;Volume of exports of goods and services;Percent change;;3.57
Bosnia and Herzegovina;Unemployment rate;Percent of total labor force;;18
Bosnia and Herzegovina;Population;Persons;Millions;3.502
Botswana;Gross domestic product, current prices;U.S. dollars;Billions;19.651
Botswana;Inflation, average consumer prices;Percent change;;3.616
Botswana;Inflation, end of period consumer prices;Index;;337.367
Botswana;Volume of imports of goods and services;Percent change;;7.797
Botswana;Volume of exports of goods and services;Percent change;;1.443
Botswana;Unemployment rate;Percent of total labor force;;
Botswana;Population;Persons;Millions;2.378
Brazil;Gross domestic product, current prices;U.S. dollars;Billions;1,960.19
Brazil;Inflation, average consumer prices;Percent change;;3.563
Brazil;Inflation, end of period consumer prices;Index;;34,928,528,730,218.80
Brazil;Volume of imports of goods and services;Percent change;;12.734
Brazil;Volume of exports of goods and services;Percent change;;4.207
Brazil;Unemployment rate;Percent of total labor force;;11.4
Brazil;Population;Persons;Millions;209.791
Brunei Darussalam;Gross domestic product, current prices;U.S. dollars;Billions;13.325
Brunei Darussalam;Inflation, average consumer prices;Percent change;;0.274
Brunei Darussalam;Inflation, end of period consumer prices;Index;;99.58
Brunei Darussalam;Volume of imports of goods and services;Percent change;;39.001
Brunei Darussalam;Volume of exports of goods and services;Percent change;;38.258
Brunei Darussalam;Unemployment rate;Percent of total labor force;;9.3
Brunei Darussalam;Population;Persons;Millions;0.44
Bulgaria;Gross domestic product, current prices;U.S. dollars;Billions;67.044
Bulgaria;Inflation, average consumer prices;Percent change;;2.416
Bulgaria;Inflation, end of period consumer prices;Index;;105.481
Bulgaria;Volume of imports of goods and services;Percent change;;5.81
Bulgaria;Volume of exports of goods and services;Percent change;;3.475
Bulgaria;Unemployment rate;Percent of total labor force;;5
Bulgaria;Population;Persons;Millions;6.97
Burkina Faso;Gross domestic product, current prices;U.S. dollars;Billions;14.882
Burkina Faso;Inflation, average consumer prices;Percent change;;2
Burkina Faso;Inflation, end of period consumer prices;Index;;113.315
Burkina Faso;Volume of imports of goods and services;Percent change;;2.834
Burkina Faso;Volume of exports of goods and services;Percent change;;14.377
Burkina Faso;Unemployment rate;Percent of total labor force;;
Burkina Faso;Population;Persons;Millions;19.996
Burundi;Gross domestic product, current prices;U.S. dollars;Billions;3.573
Burundi;Inflation, average consumer prices;Percent change;;7.315
Burundi;Inflation, end of period consumer prices;Index;;154.401
Burundi;Volume of imports of goods and services;Percent change;;0.88
Burundi;Volume of exports of goods and services;Percent change;;4.976
Burundi;Unemployment rate;Percent of total labor force;;
Burundi;Population;Persons;Millions;11.529
Cabo Verde;Gross domestic product, current prices;U.S. dollars;Billions;2.042
Cabo Verde;Inflation, average consumer prices;Percent change;;1.576
Cabo Verde;Inflation, end of period consumer prices;Index;;142.215
Cabo Verde;Volume of imports of goods and services;Percent change;;5.49
Cabo Verde;Volume of exports of goods and services;Percent change;;8.841
Cabo Verde;Unemployment rate;Percent of total labor force;;8.5
Cabo Verde;Population;Persons;Millions;0.559
Cambodia;Gross domestic product, current prices;U.S. dollars;Billions;26.979
Cambodia;Inflation, average consumer prices;Percent change;;2.542
Cambodia;Inflation, end of period consumer prices;Index;;179.051
Cambodia;Volume of imports of goods and services;Percent change;;8.866
Cambodia;Volume of exports of goods and services;Percent change;;13.564
Cambodia;Unemployment rate;Percent of total labor force;;
Cambodia;Population;Persons;Millions;16.497
Cameroon;Gross domestic product, current prices;U.S. dollars;Billions;39.219
Cameroon;Inflation, average consumer prices;Percent change;;1.192
Cameroon;Inflation, end of period consumer prices;Index;;253.228
Cameroon;Volume of imports of goods and services;Percent change;;1.345
Cameroon;Volume of exports of goods and services;Percent change;;6.583
Cameroon;Unemployment rate;Percent of total labor force;;
Cameroon;Population;Persons;Millions;25.506
Canada;Gross domestic product, current prices;U.S. dollars;Billions;1,739.11
Canada;Inflation, average consumer prices;Percent change;;1.693
Canada;Inflation, end of period consumer prices;Index;;136.598
Canada;Volume of imports of goods and services;Percent change;;0.245
Canada;Volume of exports of goods and services;Percent change;;2.601
Canada;Unemployment rate;Percent of total labor force;;5.891
Canada;Population;Persons;Millions;37.465
Central African Republic;Gross domestic product, current prices;U.S. dollars;Billions;2.285
Central African Republic;Inflation, average consumer prices;Percent change;;3
Central African Republic;Inflation, end of period consumer prices;Index;;214.198
Central African Republic;Volume of imports of goods and services;Percent change;;2.631
Central African Republic;Volume of exports of goods and services;Percent change;;5.978
Central African Republic;Unemployment rate;Percent of total labor force;;
Central African Republic;Population;Persons;Millions;5.181
Chad;Gross domestic product, current prices;U.S. dollars;Billions;11.372
Chad;Inflation, average consumer prices;Percent change;;2.892
Chad;Inflation, end of period consumer prices;Index;;142.977
Chad;Volume of imports of goods and services;Percent change;;-0.96
Chad;Volume of exports of goods and services;Percent change;;11.145
Chad;Unemployment rate;Percent of total labor force;;
Chad;Population;Persons;Millions;12.802
Chile;Gross domestic product, current prices;U.S. dollars;Billions;295.614
Chile;Inflation, average consumer prices;Percent change;;2.336
Chile;Inflation, end of period consumer prices;Index;;103.57
Chile;Volume of imports of goods and services;Percent change;;1.614
Chile;Volume of exports of goods and services;Percent change;;1.67
Chile;Unemployment rate;Percent of total labor force;;6.493
Chile;Population;Persons;Millions;18.736
China;Gross domestic product, current prices;U.S. dollars;Billions;14,216.50
China;Inflation, average consumer prices;Percent change;;2.278
China;Inflation, end of period consumer prices;Index;;108.93
China;Volume of imports of goods and services;Percent change;;4.141
China;Volume of exports of goods and services;Percent change;;3.3
China;Unemployment rate;Percent of total labor force;;3.8
China;Population;Persons;Millions;1,400.17
Colombia;Gross domestic product, current prices;U.S. dollars;Billions;336.599
Colombia;Inflation, average consumer prices;Percent change;;3.354
Colombia;Inflation, end of period consumer prices;Index;;103.943
Colombia;Volume of imports of goods and services;Percent change;;4.511
Colombia;Volume of exports of goods and services;Percent change;;4.15
Colombia;Unemployment rate;Percent of total labor force;;9.7
Colombia;Population;Persons;Millions;50.382
Comoros;Gross domestic product, current prices;U.S. dollars;Billions;0.726
Comoros;Inflation, average consumer prices;Percent change;;2
Comoros;Inflation, end of period consumer prices;Index;;186.715
Comoros;Volume of imports of goods and services;Percent change;;5.169
Comoros;Volume of exports of goods and services;Percent change;;4.107
Comoros;Unemployment rate;Percent of total labor force;;
Comoros;Population;Persons;Millions;0.872
Democratic Republic of the Congo;Gross domestic product, current prices;U.S. dollars;Billions;48.458
Democratic Republic of the Congo;Inflation, average consumer prices;Percent change;;8.4
Democratic Republic of the Congo;Inflation, end of period consumer prices;Index;;2,655.46
Democratic Republic of the Congo;Volume of imports of goods and services;Percent change;;-5.012
Democratic Republic of the Congo;Volume of exports of goods and services;Percent change;;11.466
Democratic Republic of the Congo;Unemployment rate;Percent of total labor force;;
Democratic Republic of the Congo;Population;Persons;Millions;97.879
Republic of Congo;Gross domestic product, current prices;U.S. dollars;Billions;11.162
Republic of Congo;Inflation, average consumer prices;Percent change;;1.487
Republic of Congo;Inflation, end of period consumer prices;Index;;150.612
Republic of Congo;Volume of imports of goods and services;Percent change;;7.931
Republic of Congo;Volume of exports of goods and services;Percent change;;15.048
Republic of Congo;Unemployment rate;Percent of total labor force;;
Republic of Congo;Population;Persons;Millions;4.568
Costa Rica;Gross domestic product, current prices;U.S. dollars;Billions;60.459
Costa Rica;Inflation, average consumer prices;Percent change;;2.611
Costa Rica;Inflation, end of period consumer prices;Index;;107.853
Costa Rica;Volume of imports of goods and services;Percent change;;3.936
Costa Rica;Volume of exports of goods and services;Percent change;;4.262
Costa Rica;Unemployment rate;Percent of total labor force;;9.659
Costa Rica;Population;Persons;Millions;5.083
C“te d'Ivoire;Gross domestic product, current prices;U.S. dollars;Billions;45.252
C“te d'Ivoire;Inflation, average consumer prices;Percent change;;2
C“te d'Ivoire;Inflation, end of period consumer prices;Index;;154.2
C“te d'Ivoire;Volume of imports of goods and services;Percent change;;9.874
C“te d'Ivoire;Volume of exports of goods and services;Percent change;;7.916
C“te d'Ivoire;Unemployment rate;Percent of total labor force;;
C“te d'Ivoire;Population;Persons;Millions;26.275
Croatia;Gross domestic product, current prices;U.S. dollars;Billions;61.252
Croatia;Inflation, average consumer prices;Percent change;;1.475
Croatia;Inflation, end of period consumer prices;Index;;102.718
Croatia;Volume of imports of goods and services;Percent change;;6.882
Croatia;Volume of exports of goods and services;Percent change;;6.13
Croatia;Unemployment rate;Percent of total labor force;;9
Croatia;Population;Persons;Millions;4.067
Cyprus;Gross domestic product, current prices;U.S. dollars;Billions;24.638
Cyprus;Inflation, average consumer prices;Percent change;;0.54
Cyprus;Inflation, end of period consumer prices;Index;;101.531
Cyprus;Volume of imports of goods and services;Percent change;;0.221
Cyprus;Volume of exports of goods and services;Percent change;;-1.36
Cyprus;Unemployment rate;Percent of total labor force;;7.009
Cyprus;Population;Persons;Millions;0.87
Czech Republic;Gross domestic product, current prices;U.S. dollars;Billions;246.161
Czech Republic;Inflation, average consumer prices;Percent change;;2.324
Czech Republic;Inflation, end of period consumer prices;Index;;108.257
Czech Republic;Volume of imports of goods and services;Percent change;;5.194
Czech Republic;Volume of exports of goods and services;Percent change;;3.72
Czech Republic;Unemployment rate;Percent of total labor force;;3.1
Czech Republic;Population;Persons;Millions;10.606
Denmark;Gross domestic product, current prices;U.S. dollars;Billions;349.524
Denmark;Inflation, average consumer prices;Percent change;;1.1
Denmark;Inflation, end of period consumer prices;Index;;103.173
Denmark;Volume of imports of goods and services;Percent change;;2.34
Denmark;Volume of exports of goods and services;Percent change;;1.985
Denmark;Unemployment rate;Percent of total labor force;;4.858
Denmark;Population;Persons;Millions;5.825
Djibouti;Gross domestic product, current prices;U.S. dollars;Billions;2.392
Djibouti;Inflation, average consumer prices;Percent change;;0.789
Djibouti;Inflation, end of period consumer prices;Index;;105.792
Djibouti;Volume of imports of goods and services;Percent change;;6.156
Djibouti;Volume of exports of goods and services;Percent change;;3.987
Djibouti;Unemployment rate;Percent of total labor force;;
Djibouti;Population;Persons;Millions;1.078
Dominica;Gross domestic product, current prices;U.S. dollars;Billions;0.542
Dominica;Inflation, average consumer prices;Percent change;;1.607
Dominica;Inflation, end of period consumer prices;Index;;106.181
Dominica;Volume of imports of goods and services;Percent change;;-0.034
Dominica;Volume of exports of goods and services;Percent change;;36.667
Dominica;Unemployment rate;Percent of total labor force;;
Dominica;Population;Persons;Millions;0.071
Dominican Republic;Gross domestic product, current prices;U.S. dollars;Billions;84.837
Dominican Republic;Inflation, average consumer prices;Percent change;;1.359
Dominican Republic;Inflation, end of period consumer prices;Index;;134.385
Dominican Republic;Volume of imports of goods and services;Percent change;;4.794
Dominican Republic;Volume of exports of goods and services;Percent change;;2.463
Dominican Republic;Unemployment rate;Percent of total labor force;;5.2
Dominican Republic;Population;Persons;Millions;10.374
Ecuador;Gross domestic product, current prices;U.S. dollars;Billions;106.289
Ecuador;Inflation, average consumer prices;Percent change;;0.577
Ecuador;Inflation, end of period consumer prices;Index;;105.848
Ecuador;Volume of imports of goods and services;Percent change;;-2.792
Ecuador;Volume of exports of goods and services;Percent change;;8.161
Ecuador;Unemployment rate;Percent of total labor force;;4.272
Ecuador;Population;Persons;Millions;17.268
Egypt;Gross domestic product, current prices;U.S. dollars;Billions;299.589
Egypt;Inflation, average consumer prices;Percent change;;14.526
Egypt;Inflation, end of period consumer prices;Index;;606.731
Egypt;Volume of imports of goods and services;Percent change;;4.207
Egypt;Volume of exports of goods and services;Percent change;;13.804
Egypt;Unemployment rate;Percent of total labor force;;9.594
Egypt;Population;Persons;Millions;99.211
El Salvador;Gross domestic product, current prices;U.S. dollars;Billions;26.989
El Salvador;Inflation, average consumer prices;Percent change;;0.647
El Salvador;Inflation, end of period consumer prices;Index;;113.872
El Salvador;Volume of imports of goods and services;Percent change;;3.433
El Salvador;Volume of exports of goods and services;Percent change;;2.537
El Salvador;Unemployment rate;Percent of total labor force;;6.702
El Salvador;Population;Persons;Millions;6.701
Equatorial Guinea;Gross domestic product, current prices;U.S. dollars;Billions;12.432
Equatorial Guinea;Inflation, average consumer prices;Percent change;;2.596
Equatorial Guinea;Inflation, end of period consumer prices;Index;;220.428
Equatorial Guinea;Volume of imports of goods and services;Percent change;;-18.052
Equatorial Guinea;Volume of exports of goods and services;Percent change;;-5.66
Equatorial Guinea;Unemployment rate;Percent of total labor force;;
Equatorial Guinea;Population;Persons;Millions;1.36
Eritrea;Gross domestic product, current prices;U.S. dollars;Billions;7.718
Eritrea;Inflation, average consumer prices;Percent change;;9
Eritrea;Inflation, end of period consumer prices;Index;;1,070.88
Eritrea;Volume of imports of goods and services;Percent change;;0.054
Eritrea;Volume of exports of goods and services;Percent change;;-6.212
Eritrea;Unemployment rate;Percent of total labor force;;
Eritrea;Population;Persons;Millions;6.159
Estonia;Gross domestic product, current prices;U.S. dollars;Billions;31.026
Estonia;Inflation, average consumer prices;Percent change;;3
Estonia;Inflation, end of period consumer prices;Index;;111.899
Estonia;Volume of imports of goods and services;Percent change;;5.149
Estonia;Volume of exports of goods and services;Percent change;;2.985
Estonia;Unemployment rate;Percent of total labor force;;4.693
Estonia;Population;Persons;Millions;1.319
Eswatini;Gross domestic product, current prices;U.S. dollars;Billions;4.662
Eswatini;Inflation, average consumer prices;Percent change;;5.626
Eswatini;Inflation, end of period consumer prices;Index;;348.228
Eswatini;Volume of imports of goods and services;Percent change;;-1.25
Eswatini;Volume of exports of goods and services;Percent change;;-2.216
Eswatini;Unemployment rate;Percent of total labor force;;
Eswatini;Population;Persons;Millions;1.109
Ethiopia;Gross domestic product, current prices;U.S. dollars;Billions;90.968
Ethiopia;Inflation, average consumer prices;Percent change;;9.271
Ethiopia;Inflation, end of period consumer prices;Index;;138.912
Ethiopia;Volume of imports of goods and services;Percent change;;9.592
Ethiopia;Volume of exports of goods and services;Percent change;;14.765
Ethiopia;Unemployment rate;Percent of total labor force;;
Ethiopia;Population;Persons;Millions;95.644
Fiji;Gross domestic product, current prices;U.S. dollars;Billions;5.324
Fiji;Inflation, average consumer prices;Percent change;;3.5
Fiji;Inflation, end of period consumer prices;Index;;126.891
Fiji;Volume of imports of goods and services;Percent change;;
Fiji;Volume of exports of goods and services;Percent change;;
Fiji;Unemployment rate;Percent of total labor force;;4.5
Fiji;Population;Persons;Millions;0.895
Finland;Gross domestic product, current prices;U.S. dollars;Billions;276.572
Finland;Inflation, average consumer prices;Percent change;;1.327
Finland;Inflation, end of period consumer prices;Index;;104.418
Finland;Volume of imports of goods and services;Percent change;;2.999
Finland;Volume of exports of goods and services;Percent change;;3.266
Finland;Unemployment rate;Percent of total labor force;;7.184
Finland;Population;Persons;Millions;5.543
France;Gross domestic product, current prices;U.S. dollars;Billions;2,761.63
France;Inflation, average consumer prices;Percent change;;1.323
France;Inflation, end of period consumer prices;Index;;105.516
France;Volume of imports of goods and services;Percent change;;2.534
France;Volume of exports of goods and services;Percent change;;3.597
France;Unemployment rate;Percent of total labor force;;8.823
France;Population;Persons;Millions;65.021
Gabon;Gross domestic product, current prices;U.S. dollars;Billions;16.709
Gabon;Inflation, average consumer prices;Percent change;;3
Gabon;Inflation, end of period consumer prices;Index;;141.301
Gabon;Volume of imports of goods and services;Percent change;;-0.192
Gabon;Volume of exports of goods and services;Percent change;;14.437
Gabon;Unemployment rate;Percent of total labor force;;
Gabon;Population;Persons;Millions;2.08
The Gambia;Gross domestic product, current prices;U.S. dollars;Billions;1.741
The Gambia;Inflation, average consumer prices;Percent change;;6.298
The Gambia;Inflation, end of period consumer prices;Index;;526.1
The Gambia;Volume of imports of goods and services;Percent change;;12.06
The Gambia;Volume of exports of goods and services;Percent change;;7.552
The Gambia;Unemployment rate;Percent of total labor force;;
The Gambia;Population;Persons;Millions;2.238
Georgia;Gross domestic product, current prices;U.S. dollars;Billions;17.214
Georgia;Inflation, average consumer prices;Percent change;;2.513
Georgia;Inflation, end of period consumer prices;Index;;132.86
Georgia;Volume of imports of goods and services;Percent change;;11.134
Georgia;Volume of exports of goods and services;Percent change;;8.695
Georgia;Unemployment rate;Percent of total labor force;;n/a
Georgia;Population;Persons;Millions;3.693
Germany;Gross domestic product, current prices;U.S. dollars;Billions;3,963.88
Germany;Inflation, average consumer prices;Percent change;;1.342
Germany;Inflation, end of period consumer prices;Index;;106.311
Germany;Volume of imports of goods and services;Percent change;;3.885
Germany;Volume of exports of goods and services;Percent change;;3.012
Germany;Unemployment rate;Percent of total labor force;;3.391
Germany;Population;Persons;Millions;82.952
Ghana;Gross domestic product, current prices;U.S. dollars;Billions;68.258
Ghana;Inflation, average consumer prices;Percent change;;9.068
Ghana;Inflation, end of period consumer prices;Index;;246.422
Ghana;Volume of imports of goods and services;Percent change;;1.534
Ghana;Volume of exports of goods and services;Percent change;;10.029
Ghana;Unemployment rate;Percent of total labor force;;
Ghana;Population;Persons;Millions;30.168
Greece;Gross domestic product, current prices;U.S. dollars;Billions;219.752
Greece;Inflation, average consumer prices;Percent change;;1.055
Greece;Inflation, end of period consumer prices;Index;;119.456
Greece;Volume of imports of goods and services;Percent change;;5.158
Greece;Volume of exports of goods and services;Percent change;;5.681
Greece;Unemployment rate;Percent of total labor force;;18.463
Greece;Population;Persons;Millions;10.682
Grenada;Gross domestic product, current prices;U.S. dollars;Billions;1.272
Grenada;Inflation, average consumer prices;Percent change;;1.684
Grenada;Inflation, end of period consumer prices;Index;;113.913
Grenada;Volume of imports of goods and services;Percent change;;6.892
Grenada;Volume of exports of goods and services;Percent change;;4.359
Grenada;Unemployment rate;Percent of total labor force;;
Grenada;Population;Persons;Millions;0.109
Guatemala;Gross domestic product, current prices;U.S. dollars;Billions;82.335
Guatemala;Inflation, average consumer prices;Percent change;;3.402
Guatemala;Inflation, end of period consumer prices;Index;;142.318
Guatemala;Volume of imports of goods and services;Percent change;;4.46
Guatemala;Volume of exports of goods and services;Percent change;;0.98
Guatemala;Unemployment rate;Percent of total labor force;;
Guatemala;Population;Persons;Millions;17.613
Guinea;Gross domestic product, current prices;U.S. dollars;Billions;12.623
Guinea;Inflation, average consumer prices;Percent change;;8.9
Guinea;Inflation, end of period consumer prices;Index;;1,912.74
Guinea;Volume of imports of goods and services;Percent change;;12.355
Guinea;Volume of exports of goods and services;Percent change;;10.108
Guinea;Unemployment rate;Percent of total labor force;;
Guinea;Population;Persons;Millions;13.627
Guinea-Bissau;Gross domestic product, current prices;U.S. dollars;Billions;1.538
Guinea-Bissau;Inflation, average consumer prices;Percent change;;2
Guinea-Bissau;Inflation, end of period consumer prices;Index;;117.831
Guinea-Bissau;Volume of imports of goods and services;Percent change;;16.329
Guinea-Bissau;Volume of exports of goods and services;Percent change;;-1.466
Guinea-Bissau;Unemployment rate;Percent of total labor force;;
Guinea-Bissau;Population;Persons;Millions;1.776
Guyana;Gross domestic product, current prices;U.S. dollars;Billions;3.83
Guyana;Inflation, average consumer prices;Percent change;;2.924
Guyana;Inflation, end of period consumer prices;Index;;121.277
Guyana;Volume of imports of goods and services;Percent change;;12.966
Guyana;Volume of exports of goods and services;Percent change;;7.609
Guyana;Unemployment rate;Percent of total labor force;;
Guyana;Population;Persons;Millions;0.785
Haiti;Gross domestic product, current prices;U.S. dollars;Billions;9.602
Haiti;Inflation, average consumer prices;Percent change;;14.944
Haiti;Inflation, end of period consumer prices;Index;;414.843
Haiti;Volume of imports of goods and services;Percent change;;3.171
Haiti;Volume of exports of goods and services;Percent change;;2.449
Haiti;Unemployment rate;Percent of total labor force;;
Haiti;Population;Persons;Millions;11.248
Honduras;Gross domestic product, current prices;U.S. dollars;Billions;24.651
Honduras;Inflation, average consumer prices;Percent change;;4.7
Honduras;Inflation, end of period consumer prices;Index;;338.542
Honduras;Volume of imports of goods and services;Percent change;;3.586
Honduras;Volume of exports of goods and services;Percent change;;3.306
Honduras;Unemployment rate;Percent of total labor force;;3.355
Honduras;Population;Persons;Millions;9.594
Hong Kong SAR;Gross domestic product, current prices;U.S. dollars;Billions;381.72
Hong Kong SAR;Inflation, average consumer prices;Percent change;;2.4
Hong Kong SAR;Inflation, end of period consumer prices;Index;;112.585
Hong Kong SAR;Volume of imports of goods and services;Percent change;;2.469
Hong Kong SAR;Volume of exports of goods and services;Percent change;;2.334
Hong Kong SAR;Unemployment rate;Percent of total labor force;;2.809
Hong Kong SAR;Population;Persons;Millions;7.553
Hungary;Gross domestic product, current prices;U.S. dollars;Billions;168.778
Hungary;Inflation, average consumer prices;Percent change;;3.233
Hungary;Inflation, end of period consumer prices;Index;;122.765
Hungary;Volume of imports of goods and services;Percent change;;7.395
Hungary;Volume of exports of goods and services;Percent change;;3.958
Hungary;Unemployment rate;Percent of total labor force;;3.529
Hungary;Population;Persons;Millions;9.758
Iceland;Gross domestic product, current prices;U.S. dollars;Billions;24.544
Iceland;Inflation, average consumer prices;Percent change;;2.791
Iceland;Inflation, end of period consumer prices;Index;;266.678
Iceland;Volume of imports of goods and services;Percent change;;3.794
Iceland;Volume of exports of goods and services;Percent change;;-0.426
Iceland;Unemployment rate;Percent of total labor force;;3.3
Iceland;Population;Persons;Millions;0.357
India;Gross domestic product, current prices;U.S. dollars;Billions;2,972.00
India;Inflation, average consumer prices;Percent change;;3.882
India;Inflation, end of period consumer prices;Index;;145.981
India;Volume of imports of goods and services;Percent change;;9.949
India;Volume of exports of goods and services;Percent change;;8
India;Unemployment rate;Percent of total labor force;;
India;Population;Persons;Millions;1,351.77
Indonesia;Gross domestic product, current prices;U.S. dollars;Billions;1,100.91
Indonesia;Inflation, average consumer prices;Percent change;;3.344
Indonesia;Inflation, end of period consumer prices;Index;;140.275
Indonesia;Volume of imports of goods and services;Percent change;;6.742
Indonesia;Volume of exports of goods and services;Percent change;;6.259
Indonesia;Unemployment rate;Percent of total labor force;;5.2
Indonesia;Population;Persons;Millions;266.998
Islamic Republic of Iran;Gross domestic product, current prices;U.S. dollars;Billions;484.663
Islamic Republic of Iran;Inflation, average consumer prices;Percent change;;37.173
Islamic Republic of Iran;Inflation, end of period consumer prices;Index;;227.296
Islamic Republic of Iran;Volume of imports of goods and services;Percent change;;-10.524
Islamic Republic of Iran;Volume of exports of goods and services;Percent change;;-22.597
Islamic Republic of Iran;Unemployment rate;Percent of total labor force;;15.403
Islamic Republic of Iran;Population;Persons;Millions;83.269
Iraq;Gross domestic product, current prices;U.S. dollars;Billions;225.257
Iraq;Inflation, average consumer prices;Percent change;;2
Iraq;Inflation, end of period consumer prices;Index;;124.53
Iraq;Volume of imports of goods and services;Percent change;;
Iraq;Volume of exports of goods and services;Percent change;;
Iraq;Unemployment rate;Percent of total labor force;;
Iraq;Population;Persons;Millions;39.115
Ireland;Gross domestic product, current prices;U.S. dollars;Billions;381.571
Ireland;Inflation, average consumer prices;Percent change;;1.2
Ireland;Inflation, end of period consumer prices;Index;;101.539
Ireland;Volume of imports of goods and services;Percent change;;4.45
Ireland;Volume of exports of goods and services;Percent change;;4.569
Ireland;Unemployment rate;Percent of total labor force;;5.335
Ireland;Population;Persons;Millions;4.961
Israel;Gross domestic product, current prices;U.S. dollars;Billions;381.569
Israel;Inflation, average consumer prices;Percent change;;0.885
Israel;Inflation, end of period consumer prices;Index;;101.487
Israel;Volume of imports of goods and services;Percent change;;4.9
Israel;Volume of exports of goods and services;Percent change;;3.381
Israel;Unemployment rate;Percent of total labor force;;3.974
Israel;Population;Persons;Millions;9.054
Italy;Gross domestic product, current prices;U.S. dollars;Billions;2,025.87
Italy;Inflation, average consumer prices;Percent change;;0.758
Italy;Inflation, end of period consumer prices;Index;;104.083
Italy;Volume of imports of goods and services;Percent change;;1.988
Italy;Volume of exports of goods and services;Percent change;;2.619
Italy;Unemployment rate;Percent of total labor force;;10.733
Italy;Population;Persons;Millions;60.74
Jamaica;Gross domestic product, current prices;U.S. dollars;Billions;16.152
Jamaica;Inflation, average consumer prices;Percent change;;3.636
Jamaica;Inflation, end of period consumer prices;Index;;491.67
Jamaica;Volume of imports of goods and services;Percent change;;8.526
Jamaica;Volume of exports of goods and services;Percent change;;5.385
Jamaica;Unemployment rate;Percent of total labor force;;11.028
Jamaica;Population;Persons;Millions;2.875
Japan;Gross domestic product, current prices;U.S. dollars;Billions;5,176.21
Japan;Inflation, average consumer prices;Percent change;;1.067
Japan;Inflation, end of period consumer prices;Index;;103.348
Japan;Volume of imports of goods and services;Percent change;;2.235
Japan;Volume of exports of goods and services;Percent change;;2.138
Japan;Unemployment rate;Percent of total labor force;;2.433
Japan;Population;Persons;Millions;126.184
Jordan;Gross domestic product, current prices;U.S. dollars;Billions;44.256
Jordan;Inflation, average consumer prices;Percent change;;2.02
Jordan;Inflation, end of period consumer prices;Index;;128.378
Jordan;Volume of imports of goods and services;Percent change;;1.331
Jordan;Volume of exports of goods and services;Percent change;;5.012
Jordan;Unemployment rate;Percent of total labor force;;n/a
Jordan;Population;Persons;Millions;10.07
Kazakhstan;Gross domestic product, current prices;U.S. dollars;Billions;164.207
Kazakhstan;Inflation, average consumer prices;Percent change;;5.464
Kazakhstan;Inflation, end of period consumer prices;Index;;441.082
Kazakhstan;Volume of imports of goods and services;Percent change;;3.175
Kazakhstan;Volume of exports of goods and services;Percent change;;3.26
Kazakhstan;Unemployment rate;Percent of total labor force;;4.951
Kazakhstan;Population;Persons;Millions;18.737
Kenya;Gross domestic product, current prices;U.S. dollars;Billions;99.246
Kenya;Inflation, average consumer prices;Percent change;;4.404
Kenya;Inflation, end of period consumer prices;Index;;361.944
Kenya;Volume of imports of goods and services;Percent change;;9.64
Kenya;Volume of exports of goods and services;Percent change;;9.996
Kenya;Unemployment rate;Percent of total labor force;;
Kenya;Population;Persons;Millions;49.364
Kiribati;Gross domestic product, current prices;U.S. dollars;Billions;0.187
Kiribati;Inflation, average consumer prices;Percent change;;2.106
Kiribati;Inflation, end of period consumer prices;Index;;132.91
Kiribati;Volume of imports of goods and services;Percent change;;3.035
Kiribati;Volume of exports of goods and services;Percent change;;1.158
Kiribati;Unemployment rate;Percent of total labor force;;
Kiribati;Population;Persons;Millions;0.117
Korea;Gross domestic product, current prices;U.S. dollars;Billions;1,656.67
Korea;Inflation, average consumer prices;Percent change;;1.351
Korea;Inflation, end of period consumer prices;Index;;105.811
Korea;Volume of imports of goods and services;Percent change;;3.768
Korea;Volume of exports of goods and services;Percent change;;2.82
Korea;Unemployment rate;Percent of total labor force;;4
Korea;Population;Persons;Millions;51.874
Kosovo;Gross domestic product, current prices;U.S. dollars;Billions;8.126
Kosovo;Inflation, average consumer prices;Percent change;;2.243
Kosovo;Inflation, end of period consumer prices;Index;;104.008
Kosovo;Volume of imports of goods and services;Percent change;;0.305
Kosovo;Volume of exports of goods and services;Percent change;;2.493
Kosovo;Unemployment rate;Percent of total labor force;;n/a
Kosovo;Population;Persons;Millions;1.827
Kuwait;Gross domestic product, current prices;U.S. dollars;Billions;136.94
Kuwait;Inflation, average consumer prices;Percent change;;2.5
Kuwait;Inflation, end of period consumer prices;Index;;194.198
Kuwait;Volume of imports of goods and services;Percent change;;3.24
Kuwait;Volume of exports of goods and services;Percent change;;1.92
Kuwait;Unemployment rate;Percent of total labor force;;1.322
Kuwait;Population;Persons;Millions;4.701
Kyrgyz Republic;Gross domestic product, current prices;U.S. dollars;Billions;8.334
Kyrgyz Republic;Inflation, average consumer prices;Percent change;;2.208
Kyrgyz Republic;Inflation, end of period consumer prices;Index;;162.009
Kyrgyz Republic;Volume of imports of goods and services;Percent change;;5.497
Kyrgyz Republic;Volume of exports of goods and services;Percent change;;3.342
Kyrgyz Republic;Unemployment rate;Percent of total labor force;;6.799
Kyrgyz Republic;Population;Persons;Millions;6.51
Lao P.D.R.;Gross domestic product, current prices;U.S. dollars;Billions;20.153
Lao P.D.R.;Inflation, average consumer prices;Percent change;;3.1
Lao P.D.R.;Inflation, end of period consumer prices;Index;;107.179
Lao P.D.R.;Volume of imports of goods and services;Percent change;;6.107
Lao P.D.R.;Volume of exports of goods and services;Percent change;;5.979
Lao P.D.R.;Unemployment rate;Percent of total labor force;;
Lao P.D.R.;Population;Persons;Millions;6.874
Latvia;Gross domestic product, current prices;U.S. dollars;Billions;35.721
Latvia;Inflation, average consumer prices;Percent change;;2.427
Latvia;Inflation, end of period consumer prices;Index;;108.784
Latvia;Volume of imports of goods and services;Percent change;;3.1
Latvia;Volume of exports of goods and services;Percent change;;1.2
Latvia;Unemployment rate;Percent of total labor force;;7.346
Latvia;Population;Persons;Millions;1.929
Lebanon;Gross domestic product, current prices;U.S. dollars;Billions;58.281
Lebanon;Inflation, average consumer prices;Percent change;;2.012
Lebanon;Inflation, end of period consumer prices;Index;;126.773
Lebanon;Volume of imports of goods and services;Percent change;;5.127
Lebanon;Volume of exports of goods and services;Percent change;;7.095
Lebanon;Unemployment rate;Percent of total labor force;;
Lebanon;Population;Persons;Millions;6.066
Lesotho;Gross domestic product, current prices;U.S. dollars;Billions;2.811
Lesotho;Inflation, average consumer prices;Percent change;;5.4
Lesotho;Inflation, end of period consumer prices;Index;;118.405
Lesotho;Volume of imports of goods and services;Percent change;;13.385
Lesotho;Volume of exports of goods and services;Percent change;;4.014
Lesotho;Unemployment rate;Percent of total labor force;;
Lesotho;Population;Persons;Millions;2.048
Liberia;Gross domestic product, current prices;U.S. dollars;Billions;3.221
Liberia;Inflation, average consumer prices;Percent change;;22.326
Liberia;Inflation, end of period consumer prices;Index;;778.567
Liberia;Volume of imports of goods and services;Percent change;;-4.414
Liberia;Volume of exports of goods and services;Percent change;;1.969
Liberia;Unemployment rate;Percent of total labor force;;
Liberia;Population;Persons;Millions;4.578
Libya;Gross domestic product, current prices;U.S. dollars;Billions;44.964
Libya;Inflation, average consumer prices;Percent change;;15
Libya;Inflation, end of period consumer prices;Index;;444.597
Libya;Volume of imports of goods and services;Percent change;;-6.269
Libya;Volume of exports of goods and services;Percent change;;-23.087
Libya;Unemployment rate;Percent of total labor force;;
Libya;Population;Persons;Millions;6.578
Lithuania;Gross domestic product, current prices;U.S. dollars;Billions;54.24
Lithuania;Inflation, average consumer prices;Percent change;;2.261
Lithuania;Inflation, end of period consumer prices;Index;;110.115
Lithuania;Volume of imports of goods and services;Percent change;;4.243
Lithuania;Volume of exports of goods and services;Percent change;;3.246
Lithuania;Unemployment rate;Percent of total labor force;;6.25
Lithuania;Population;Persons;Millions;2.746
Luxembourg;Gross domestic product, current prices;U.S. dollars;Billions;69.634
Luxembourg;Inflation, average consumer prices;Percent change;;1.561
Luxembourg;Inflation, end of period consumer prices;Index;;106.884
Luxembourg;Volume of imports of goods and services;Percent change;;6.51
Luxembourg;Volume of exports of goods and services;Percent change;;5.47
Luxembourg;Unemployment rate;Percent of total labor force;;5.001
Luxembourg;Population;Persons;Millions;0.617
Macao SAR;Gross domestic product, current prices;U.S. dollars;Billions;58.055
Macao SAR;Inflation, average consumer prices;Percent change;;2.5
Macao SAR;Inflation, end of period consumer prices;Index;;151.446
Macao SAR;Volume of imports of goods and services;Percent change;;
Macao SAR;Volume of exports of goods and services;Percent change;;
Macao SAR;Unemployment rate;Percent of total labor force;;1.8
Macao SAR;Population;Persons;Millions;0.672
Madagascar;Gross domestic product, current prices;U.S. dollars;Billions;12.734
Madagascar;Inflation, average consumer prices;Percent change;;6.654
Madagascar;Inflation, end of period consumer prices;Index;;501.828
Madagascar;Volume of imports of goods and services;Percent change;;13.804
Madagascar;Volume of exports of goods and services;Percent change;;19.297
Madagascar;Unemployment rate;Percent of total labor force;;
Madagascar;Population;Persons;Millions;27.055
Malawi;Gross domestic product, current prices;U.S. dollars;Billions;7.436
Malawi;Inflation, average consumer prices;Percent change;;8.657
Malawi;Inflation, end of period consumer prices;Index;;119.049
Malawi;Volume of imports of goods and services;Percent change;;7.662
Malawi;Volume of exports of goods and services;Percent change;;2.189
Malawi;Unemployment rate;Percent of total labor force;;
Malawi;Population;Persons;Millions;20.289
Malaysia;Gross domestic product, current prices;U.S. dollars;Billions;373.447
Malaysia;Inflation, average consumer prices;Percent change;;2.001
Malaysia;Inflation, end of period consumer prices;Index;;123.966
Malaysia;Volume of imports of goods and services;Percent change;;3.551
Malaysia;Volume of exports of goods and services;Percent change;;3.775
Malaysia;Unemployment rate;Percent of total labor force;;3.325
Malaysia;Population;Persons;Millions;32.801
Maldives;Gross domestic product, current prices;U.S. dollars;Billions;5.749
Maldives;Inflation, average consumer prices;Percent change;;2.213
Maldives;Inflation, end of period consumer prices;Index;;242.728
Maldives;Volume of imports of goods and services;Percent change;;0.316
Maldives;Volume of exports of goods and services;Percent change;;6.741
Maldives;Unemployment rate;Percent of total labor force;;
Maldives;Population;Persons;Millions;0.372
Mali;Gross domestic product, current prices;U.S. dollars;Billions;17.833
Mali;Inflation, average consumer prices;Percent change;;1.652
Mali;Inflation, end of period consumer prices;Index;;147.249
Mali;Volume of imports of goods and services;Percent change;;4.778
Mali;Volume of exports of goods and services;Percent change;;0.91
Mali;Unemployment rate;Percent of total labor force;;
Mali;Population;Persons;Millions;19.095
Malta;Gross domestic product, current prices;U.S. dollars;Billions;15.134
Malta;Inflation, average consumer prices;Percent change;;1.827
Malta;Inflation, end of period consumer prices;Index;;104.114
Malta;Volume of imports of goods and services;Percent change;;1.85
Malta;Volume of exports of goods and services;Percent change;;2.24
Malta;Unemployment rate;Percent of total labor force;;4.1
Malta;Population;Persons;Millions;0.473
Marshall Islands;Gross domestic product, current prices;U.S. dollars;Billions;0.22
Marshall Islands;Inflation, average consumer prices;Percent change;;0.163
Marshall Islands;Inflation, end of period consumer prices;Index;;150.131
Marshall Islands;Volume of imports of goods and services;Percent change;;
Marshall Islands;Volume of exports of goods and services;Percent change;;2.091
Marshall Islands;Unemployment rate;Percent of total labor force;;
Marshall Islands;Population;Persons;Millions;0.057
Mauritania;Gross domestic product, current prices;U.S. dollars;Billions;5.569
Mauritania;Inflation, average consumer prices;Percent change;;3.9
Mauritania;Inflation, end of period consumer prices;Index;;177.654
Mauritania;Volume of imports of goods and services;Percent change;;2.284
Mauritania;Volume of exports of goods and services;Percent change;;16.665
Mauritania;Unemployment rate;Percent of total labor force;;
Mauritania;Population;Persons;Millions;4.674
Mauritius;Gross domestic product, current prices;U.S. dollars;Billions;14.812
Mauritius;Inflation, average consumer prices;Percent change;;2.075
Mauritius;Inflation, end of period consumer prices;Index;;106.597
Mauritius;Volume of imports of goods and services;Percent change;;4.775
Mauritius;Volume of exports of goods and services;Percent change;;3.984
Mauritius;Unemployment rate;Percent of total labor force;;6.9
Mauritius;Population;Persons;Millions;1.267
Mexico;Gross domestic product, current prices;U.S. dollars;Billions;1,241.45
Mexico;Inflation, average consumer prices;Percent change;;3.807
Mexico;Inflation, end of period consumer prices;Index;;106.193
Mexico;Volume of imports of goods and services;Percent change;;2.965
Mexico;Volume of exports of goods and services;Percent change;;3.313
Mexico;Unemployment rate;Percent of total labor force;;3.485
Mexico;Population;Persons;Millions;125.929
Micronesia;Gross domestic product, current prices;U.S. dollars;Billions;0.383
Micronesia;Inflation, average consumer prices;Percent change;;2
Micronesia;Inflation, end of period consumer prices;Index;;134.796
Micronesia;Volume of imports of goods and services;Percent change;;
Micronesia;Volume of exports of goods and services;Percent change;;
Micronesia;Unemployment rate;Percent of total labor force;;
Micronesia;Population;Persons;Millions;0.102
Moldova;Gross domestic product, current prices;U.S. dollars;Billions;12.037
Moldova;Inflation, average consumer prices;Percent change;;3.321
Moldova;Inflation, end of period consumer prices;Index;;25,197.51
Moldova;Volume of imports of goods and services;Percent change;;8.977
Moldova;Volume of exports of goods and services;Percent change;;6.5
Moldova;Unemployment rate;Percent of total labor force;;4.01
Moldova;Population;Persons;Millions;3.542
Mongolia;Gross domestic product, current prices;U.S. dollars;Billions;13.696
Mongolia;Inflation, average consumer prices;Percent change;;8.437
Mongolia;Inflation, end of period consumer prices;Index;;126.389
Mongolia;Volume of imports of goods and services;Percent change;;-4.354
Mongolia;Volume of exports of goods and services;Percent change;;0.412
Mongolia;Unemployment rate;Percent of total labor force;;9
Mongolia;Population;Persons;Millions;3.3
Montenegro;Gross domestic product, current prices;U.S. dollars;Billions;5.443
Montenegro;Inflation, average consumer prices;Percent change;;0.947
Montenegro;Inflation, end of period consumer prices;Index;;282.043
Montenegro;Volume of imports of goods and services;Percent change;;2.296
Montenegro;Volume of exports of goods and services;Percent change;;2.726
Montenegro;Unemployment rate;Percent of total labor force;;
Montenegro;Population;Persons;Millions;0.625
Morocco;Gross domestic product, current prices;U.S. dollars;Billions;121.35
Morocco;Inflation, average consumer prices;Percent change;;1.4
Morocco;Inflation, end of period consumer prices;Index;;121.912
Morocco;Volume of imports of goods and services;Percent change;;4.414
Morocco;Volume of exports of goods and services;Percent change;;4.556
Morocco;Unemployment rate;Percent of total labor force;;9.23
Morocco;Population;Persons;Millions;35.587
Mozambique;Gross domestic product, current prices;U.S. dollars;Billions;15.372
Mozambique;Inflation, average consumer prices;Percent change;;4.167
Mozambique;Inflation, end of period consumer prices;Index;;127.688
Mozambique;Volume of imports of goods and services;Percent change;;32.763
Mozambique;Volume of exports of goods and services;Percent change;;8.279
Mozambique;Unemployment rate;Percent of total labor force;;
Mozambique;Population;Persons;Millions;31.157
Myanmar;Gross domestic product, current prices;U.S. dollars;Billions;65.665
Myanmar;Inflation, average consumer prices;Percent change;;7.523
Myanmar;Inflation, end of period consumer prices;Index;;156.46
Myanmar;Volume of imports of goods and services;Percent change;;5.396
Myanmar;Volume of exports of goods and services;Percent change;;11.285
Myanmar;Unemployment rate;Percent of total labor force;;4
Myanmar;Population;Persons;Millions;53.019
Namibia;Gross domestic product, current prices;U.S. dollars;Billions;13.961
Namibia;Inflation, average consumer prices;Percent change;;5.2
Namibia;Inflation, end of period consumer prices;Index;;142.062
Namibia;Volume of imports of goods and services;Percent change;;-0.238
Namibia;Volume of exports of goods and services;Percent change;;1.095
Namibia;Unemployment rate;Percent of total labor force;;
Namibia;Population;Persons;Millions;2.46
Nauru;Gross domestic product, current prices;U.S. dollars;Billions;0.114
Nauru;Inflation, average consumer prices;Percent change;;2.5
Nauru;Inflation, end of period consumer prices;Index;;127.95
Nauru;Volume of imports of goods and services;Percent change;;
Nauru;Volume of exports of goods and services;Percent change;;
Nauru;Unemployment rate;Percent of total labor force;;
Nauru;Population;Persons;Millions;0.013
Nepal;Gross domestic product, current prices;U.S. dollars;Billions;28.922
Nepal;Inflation, average consumer prices;Percent change;;4.898
Nepal;Inflation, end of period consumer prices;Index;;127.445
Nepal;Volume of imports of goods and services;Percent change;;
Nepal;Volume of exports of goods and services;Percent change;;
Nepal;Unemployment rate;Percent of total labor force;;
Nepal;Population;Persons;Millions;29.96
Netherlands;Gross domestic product, current prices;U.S. dollars;Billions;914.003
Netherlands;Inflation, average consumer prices;Percent change;;2.302
Netherlands;Inflation, end of period consumer prices;Index;;105.968
Netherlands;Volume of imports of goods and services;Percent change;;3.228
Netherlands;Volume of exports of goods and services;Percent change;;2.568
Netherlands;Unemployment rate;Percent of total labor force;;3.739
Netherlands;Population;Persons;Millions;17.24
New Zealand;Gross domestic product, current prices;U.S. dollars;Billions;210.475
New Zealand;Inflation, average consumer prices;Percent change;;1.955
New Zealand;Inflation, end of period consumer prices;Index;;147.353
New Zealand;Volume of imports of goods and services;Percent change;;4.231
New Zealand;Volume of exports of goods and services;Percent change;;2.199
New Zealand;Unemployment rate;Percent of total labor force;;4.357
New Zealand;Population;Persons;Millions;5.013
Nicaragua;Gross domestic product, current prices;U.S. dollars;Billions;12.612
Nicaragua;Inflation, average consumer prices;Percent change;;5.142
Nicaragua;Inflation, end of period consumer prices;Index;;231.172
Nicaragua;Volume of imports of goods and services;Percent change;;-9.015
Nicaragua;Volume of exports of goods and services;Percent change;;-9.85
Nicaragua;Unemployment rate;Percent of total labor force;;23.408
Nicaragua;Population;Persons;Millions;6.359
Niger;Gross domestic product, current prices;U.S. dollars;Billions;9.724
Niger;Inflation, average consumer prices;Percent change;;2.4
Niger;Inflation, end of period consumer prices;Index;;115.931
Niger;Volume of imports of goods and services;Percent change;;18.77
Niger;Volume of exports of goods and services;Percent change;;10.526
Niger;Unemployment rate;Percent of total labor force;;
Niger;Population;Persons;Millions;19.939
Nigeria;Gross domestic product, current prices;U.S. dollars;Billions;444.916
Nigeria;Inflation, average consumer prices;Percent change;;11.701
Nigeria;Inflation, end of period consumer prices;Index;;307.678
Nigeria;Volume of imports of goods and services;Percent change;;12.506
Nigeria;Volume of exports of goods and services;Percent change;;4.973
Nigeria;Unemployment rate;Percent of total labor force;;n/a
Nigeria;Population;Persons;Millions;199.206
North Macedonia;Gross domestic product, current prices;U.S. dollars;Billions;12.884
North Macedonia;Inflation, average consumer prices;Percent change;;1.796
North Macedonia;Inflation, end of period consumer prices;Index;;115.087
North Macedonia;Volume of imports of goods and services;Percent change;;9.532
North Macedonia;Volume of exports of goods and services;Percent change;;11.307
North Macedonia;Unemployment rate;Percent of total labor force;;18.886
North Macedonia;Population;Persons;Millions;2.079
Norway;Gross domestic product, current prices;U.S. dollars;Billions;427.041
Norway;Inflation, average consumer prices;Percent change;;1.9
Norway;Inflation, end of period consumer prices;Index;;119.568
Norway;Volume of imports of goods and services;Percent change;;2.905
Norway;Volume of exports of goods and services;Percent change;;2.413
Norway;Unemployment rate;Percent of total labor force;;3.7
Norway;Population;Persons;Millions;5.356
Oman;Gross domestic product, current prices;U.S. dollars;Billions;79.458
Oman;Inflation, average consumer prices;Percent change;;1.5
Oman;Inflation, end of period consumer prices;Index;;156.025
Oman;Volume of imports of goods and services;Percent change;;0.49
Oman;Volume of exports of goods and services;Percent change;;2.986
Oman;Unemployment rate;Percent of total labor force;;
Oman;Population;Persons;Millions;4.394
Pakistan;Gross domestic product, current prices;U.S. dollars;Billions;278.019
Pakistan;Inflation, average consumer prices;Percent change;;7.644
Pakistan;Inflation, end of period consumer prices;Index;;245.785
Pakistan;Volume of imports of goods and services;Percent change;;-3.961
Pakistan;Volume of exports of goods and services;Percent change;;3.197
Pakistan;Unemployment rate;Percent of total labor force;;6.14
Pakistan;Population;Persons;Millions;204.729
Palau;Gross domestic product, current prices;U.S. dollars;Billions;0.31
Palau;Inflation, average consumer prices;Percent change;;2.35
Palau;Inflation, end of period consumer prices;Index;;128.547
Palau;Volume of imports of goods and services;Percent change;;3.944
Palau;Volume of exports of goods and services;Percent change;;6.353
Palau;Unemployment rate;Percent of total labor force;;
Palau;Population;Persons;Millions;0.019
Panama;Gross domestic product, current prices;U.S. dollars;Billions;70.155
Panama;Inflation, average consumer prices;Percent change;;1.5
Panama;Inflation, end of period consumer prices;Index;;106.235
Panama;Volume of imports of goods and services;Percent change;;2.683
Panama;Volume of exports of goods and services;Percent change;;6.589
Panama;Unemployment rate;Percent of total labor force;;6.115
Panama;Population;Persons;Millions;4.219
Papua New Guinea;Gross domestic product, current prices;U.S. dollars;Billions;21.453
Papua New Guinea;Inflation, average consumer prices;Percent change;;4.3
Papua New Guinea;Inflation, end of period consumer prices;Index;;724.885
Papua New Guinea;Volume of imports of goods and services;Percent change;;16.324
Papua New Guinea;Volume of exports of goods and services;Percent change;;11.614
Papua New Guinea;Unemployment rate;Percent of total labor force;;
Papua New Guinea;Population;Persons;Millions;8.601
Paraguay;Gross domestic product, current prices;U.S. dollars;Billions;42.352
Paraguay;Inflation, average consumer prices;Percent change;;3.6
Paraguay;Inflation, end of period consumer prices;Index;;107.328
Paraguay;Volume of imports of goods and services;Percent change;;4.019
Paraguay;Volume of exports of goods and services;Percent change;;0.207
Paraguay;Unemployment rate;Percent of total labor force;;5.748
Paraguay;Population;Persons;Millions;7.153
Peru;Gross domestic product, current prices;U.S. dollars;Billions;232.08
Peru;Inflation, average consumer prices;Percent change;;2.389
Peru;Inflation, end of period consumer prices;Index;;133.045
Peru;Volume of imports of goods and services;Percent change;;4.281
Peru;Volume of exports of goods and services;Percent change;;3.686
Peru;Unemployment rate;Percent of total labor force;;6.579
Peru;Population;Persons;Millions;32.496
Philippines;Gross domestic product, current prices;U.S. dollars;Billions;356.682
Philippines;Inflation, average consumer prices;Percent change;;3.837
Philippines;Inflation, end of period consumer prices;Index;;123.062
Philippines;Volume of imports of goods and services;Percent change;;13.587
Philippines;Volume of exports of goods and services;Percent change;;14.7
Philippines;Unemployment rate;Percent of total labor force;;5.475
Philippines;Population;Persons;Millions;108.732
Poland;Gross domestic product, current prices;U.S. dollars;Billions;593.295
Poland;Inflation, average consumer prices;Percent change;;1.96
Poland;Inflation, end of period consumer prices;Index;;174.908
Poland;Volume of imports of goods and services;Percent change;;6.597
Poland;Volume of exports of goods and services;Percent change;;5.164
Poland;Unemployment rate;Percent of total labor force;;3.578
Poland;Population;Persons;Millions;37.959
Portugal;Gross domestic product, current prices;U.S. dollars;Billions;239.473
Portugal;Inflation, average consumer prices;Percent change;;1
Portugal;Inflation, end of period consumer prices;Index;;107.171
Portugal;Volume of imports of goods and services;Percent change;;5.229
Portugal;Volume of exports of goods and services;Percent change;;4.129
Portugal;Unemployment rate;Percent of total labor force;;6.821
Portugal;Population;Persons;Millions;10.273
Puerto Rico;Gross domestic product, current prices;U.S. dollars;Billions;103.506
Puerto Rico;Inflation, average consumer prices;Percent change;;0.347
Puerto Rico;Inflation, end of period consumer prices;Index;;121.376
Puerto Rico;Volume of imports of goods and services;Percent change;;
Puerto Rico;Volume of exports of goods and services;Percent change;;
Puerto Rico;Unemployment rate;Percent of total labor force;;11
Puerto Rico;Population;Persons;Millions;3.202
Qatar;Gross domestic product, current prices;U.S. dollars;Billions;193.502
Qatar;Inflation, average consumer prices;Percent change;;0.131
Qatar;Inflation, end of period consumer prices;Index;;
Qatar;Volume of imports of goods and services;Percent change;;2.065
Qatar;Volume of exports of goods and services;Percent change;;-1.157
Qatar;Unemployment rate;Percent of total labor force;;
Qatar;Population;Persons;Millions;2.753
Romania;Gross domestic product, current prices;U.S. dollars;Billions;244.158
Romania;Inflation, average consumer prices;Percent change;;3.275
Romania;Inflation, end of period consumer prices;Index;;124.75
Romania;Volume of imports of goods and services;Percent change;;6.98
Romania;Volume of exports of goods and services;Percent change;;4.913
Romania;Unemployment rate;Percent of total labor force;;4.8
Romania;Population;Persons;Millions;19.522
Russia;Gross domestic product, current prices;U.S. dollars;Billions;1,610.38
Russia;Inflation, average consumer prices;Percent change;;4.99
Russia;Inflation, end of period consumer prices;Index;;1,675.38
Russia;Volume of imports of goods and services;Percent change;;3.8
Russia;Volume of exports of goods and services;Percent change;;3.264
Russia;Unemployment rate;Percent of total labor force;;4.8
Russia;Population;Persons;Millions;143.896
Rwanda;Gross domestic product, current prices;U.S. dollars;Billions;10.211
Rwanda;Inflation, average consumer prices;Percent change;;3.508
Rwanda;Inflation, end of period consumer prices;Index;;120.748
Rwanda;Volume of imports of goods and services;Percent change;;11.243
Rwanda;Volume of exports of goods and services;Percent change;;10.5
Rwanda;Unemployment rate;Percent of total labor force;;
Rwanda;Population;Persons;Millions;12.302
Samoa;Gross domestic product, current prices;U.S. dollars;Billions;0.902
Samoa;Inflation, average consumer prices;Percent change;;5.141
Samoa;Inflation, end of period consumer prices;Index;;123.777
Samoa;Volume of imports of goods and services;Percent change;;
Samoa;Volume of exports of goods and services;Percent change;;
Samoa;Unemployment rate;Percent of total labor force;;
Samoa;Population;Persons;Millions;0.201
San Marino;Gross domestic product, current prices;U.S. dollars;Billions;1.62
San Marino;Inflation, average consumer prices;Percent change;;1.636
San Marino;Inflation, end of period consumer prices;Index;;113.55
San Marino;Volume of imports of goods and services;Percent change;;
San Marino;Volume of exports of goods and services;Percent change;;
San Marino;Unemployment rate;Percent of total labor force;;8.078
San Marino;Population;Persons;Millions;0.034
SÆo Tom‚ and Pr¡ncipe;Gross domestic product, current prices;U.S. dollars;Billions;0.477
SÆo Tom‚ and Pr¡ncipe;Inflation, average consumer prices;Percent change;;7.817
SÆo Tom‚ and Pr¡ncipe;Inflation, end of period consumer prices;Index;;131.782
SÆo Tom‚ and Pr¡ncipe;Volume of imports of goods and services;Percent change;;3.282
SÆo Tom‚ and Pr¡ncipe;Volume of exports of goods and services;Percent change;;-1.715
SÆo Tom‚ and Pr¡ncipe;Unemployment rate;Percent of total labor force;;n/a
SÆo Tom‚ and Pr¡ncipe;Population;Persons;Millions;0.222
Saudi Arabia;Gross domestic product, current prices;U.S. dollars;Billions;762.259
Saudi Arabia;Inflation, average consumer prices;Percent change;;-0.7
Saudi Arabia;Inflation, end of period consumer prices;Index;;106.008
Saudi Arabia;Volume of imports of goods and services;Percent change;;3.429
Saudi Arabia;Volume of exports of goods and services;Percent change;;0.753
Saudi Arabia;Unemployment rate;Percent of total labor force;;n/a
Saudi Arabia;Population;Persons;Millions;33.867
Senegal;Gross domestic product, current prices;U.S. dollars;Billions;25.32
Senegal;Inflation, average consumer prices;Percent change;;1.305
Senegal;Inflation, end of period consumer prices;Index;;107.751
Senegal;Volume of imports of goods and services;Percent change;;7.729
Senegal;Volume of exports of goods and services;Percent change;;6.706
Senegal;Unemployment rate;Percent of total labor force;;
Senegal;Population;Persons;Millions;16.766
Serbia;Gross domestic product, current prices;U.S. dollars;Billions;52.424
Serbia;Inflation, average consumer prices;Percent change;;2.006
Serbia;Inflation, end of period consumer prices;Index;;196.381
Serbia;Volume of imports of goods and services;Percent change;;6.789
Serbia;Volume of exports of goods and services;Percent change;;6.61
Serbia;Unemployment rate;Percent of total labor force;;13.449
Serbia;Population;Persons;Millions;6.965
Seychelles;Gross domestic product, current prices;U.S. dollars;Billions;1.654
Seychelles;Inflation, average consumer prices;Percent change;;3.356
Seychelles;Inflation, end of period consumer prices;Index;;114.568
Seychelles;Volume of imports of goods and services;Percent change;;6.403
Seychelles;Volume of exports of goods and services;Percent change;;7.038
Seychelles;Unemployment rate;Percent of total labor force;;3
Seychelles;Population;Persons;Millions;0.096
Sierra Leone;Gross domestic product, current prices;U.S. dollars;Billions;3.998
Sierra Leone;Inflation, average consumer prices;Percent change;;15.761
Sierra Leone;Inflation, end of period consumer prices;Index;;289.534
Sierra Leone;Volume of imports of goods and services;Percent change;;9.805
Sierra Leone;Volume of exports of goods and services;Percent change;;23.072
Sierra Leone;Unemployment rate;Percent of total labor force;;
Sierra Leone;Population;Persons;Millions;7.737
Singapore;Gross domestic product, current prices;U.S. dollars;Billions;372.807
Singapore;Inflation, average consumer prices;Percent change;;1.331
Singapore;Inflation, end of period consumer prices;Index;;101.634
Singapore;Volume of imports of goods and services;Percent change;;1.042
Singapore;Volume of exports of goods and services;Percent change;;1.553
Singapore;Unemployment rate;Percent of total labor force;;2
Singapore;Population;Persons;Millions;5.681
Slovak Republic;Gross domestic product, current prices;U.S. dollars;Billions;109.863
Slovak Republic;Inflation, average consumer prices;Percent change;;2.397
Slovak Republic;Inflation, end of period consumer prices;Index;;106.217
Slovak Republic;Volume of imports of goods and services;Percent change;;5.077
Slovak Republic;Volume of exports of goods and services;Percent change;;5.737
Slovak Republic;Unemployment rate;Percent of total labor force;;6.1
Slovak Republic;Population;Persons;Millions;5.451
Slovenia;Gross domestic product, current prices;U.S. dollars;Billions;55.088
Slovenia;Inflation, average consumer prices;Percent change;;1.381
Slovenia;Inflation, end of period consumer prices;Index;;105.109
Slovenia;Volume of imports of goods and services;Percent change;;7.94
Slovenia;Volume of exports of goods and services;Percent change;;5.194
Slovenia;Unemployment rate;Percent of total labor force;;4.812
Slovenia;Population;Persons;Millions;2.069
Solomon Islands;Gross domestic product, current prices;U.S. dollars;Billions;1.511
Solomon Islands;Inflation, average consumer prices;Percent change;;1.655
Solomon Islands;Inflation, end of period consumer prices;Index;;200.131
Solomon Islands;Volume of imports of goods and services;Percent change;;8.525
Solomon Islands;Volume of exports of goods and services;Percent change;;3.111
Solomon Islands;Unemployment rate;Percent of total labor force;;
Solomon Islands;Population;Persons;Millions;0.641
Somalia;Gross domestic product, current prices;U.S. dollars;Billions;7.903
Somalia;Inflation, average consumer prices;Percent change;;
Somalia;Inflation, end of period consumer prices;Index;;118.551
Somalia;Volume of imports of goods and services;Percent change;;
Somalia;Volume of exports of goods and services;Percent change;;
Somalia;Unemployment rate;Percent of total labor force;;
Somalia;Population;Persons;Millions;
South Africa;Gross domestic product, current prices;U.S. dollars;Billions;371.298
South Africa;Inflation, average consumer prices;Percent change;;4.956
South Africa;Inflation, end of period consumer prices;Index;;116.172
South Africa;Volume of imports of goods and services;Percent change;;3.032
South Africa;Volume of exports of goods and services;Percent change;;2.425
South Africa;Unemployment rate;Percent of total labor force;;27.527
South Africa;Population;Persons;Millions;58.643
South Sudan;Gross domestic product, current prices;U.S. dollars;Billions;3.151
South Sudan;Inflation, average consumer prices;Percent change;;24.467
South Sudan;Inflation, end of period consumer prices;Index;;8,571.09
South Sudan;Volume of imports of goods and services;Percent change;;
South Sudan;Volume of exports of goods and services;Percent change;;
South Sudan;Unemployment rate;Percent of total labor force;;
South Sudan;Population;Persons;Millions;13.378
Spain;Gross domestic product, current prices;U.S. dollars;Billions;1,429.14
Spain;Inflation, average consumer prices;Percent change;;1.211
Spain;Inflation, end of period consumer prices;Index;;105.808
Spain;Volume of imports of goods and services;Percent change;;2.714
Spain;Volume of exports of goods and services;Percent change;;2.519
Spain;Unemployment rate;Percent of total labor force;;14.249
Spain;Population;Persons;Millions;46.656
Sri Lanka;Gross domestic product, current prices;U.S. dollars;Billions;84.164
Sri Lanka;Inflation, average consumer prices;Percent change;;4.5
Sri Lanka;Inflation, end of period consumer prices;Index;;131.984
Sri Lanka;Volume of imports of goods and services;Percent change;;6.106
Sri Lanka;Volume of exports of goods and services;Percent change;;4.72
Sri Lanka;Unemployment rate;Percent of total labor force;;4.4
Sri Lanka;Population;Persons;Millions;21.934
St. Kitts and Nevis;Gross domestic product, current prices;U.S. dollars;Billions;1.058
St. Kitts and Nevis;Inflation, average consumer prices;Percent change;;-0.04
St. Kitts and Nevis;Inflation, end of period consumer prices;Index;;107.417
St. Kitts and Nevis;Volume of imports of goods and services;Percent change;;6.858
St. Kitts and Nevis;Volume of exports of goods and services;Percent change;;-2.436
St. Kitts and Nevis;Unemployment rate;Percent of total labor force;;
St. Kitts and Nevis;Population;Persons;Millions;0.057
St. Lucia;Gross domestic product, current prices;U.S. dollars;Billions;1.971
St. Lucia;Inflation, average consumer prices;Percent change;;1.919
St. Lucia;Inflation, end of period consumer prices;Index;;120.041
St. Lucia;Volume of imports of goods and services;Percent change;;8.014
St. Lucia;Volume of exports of goods and services;Percent change;;3.309
St. Lucia;Unemployment rate;Percent of total labor force;;
St. Lucia;Population;Persons;Millions;0.178
St. Vincent and the Grenadines;Gross domestic product, current prices;U.S. dollars;Billions;0.864
St. Vincent and the Grenadines;Inflation, average consumer prices;Percent change;;1.991
St. Vincent and the Grenadines;Inflation, end of period consumer prices;Index;;113.727
St. Vincent and the Grenadines;Volume of imports of goods and services;Percent change;;0.432
St. Vincent and the Grenadines;Volume of exports of goods and services;Percent change;;4.576
St. Vincent and the Grenadines;Unemployment rate;Percent of total labor force;;
St. Vincent and the Grenadines;Population;Persons;Millions;0.11
Sudan;Gross domestic product, current prices;U.S. dollars;Billions;31.468
Sudan;Inflation, average consumer prices;Percent change;;49.559
Sudan;Inflation, end of period consumer prices;Index;;2,327.23
Sudan;Volume of imports of goods and services;Percent change;;-7.296
Sudan;Volume of exports of goods and services;Percent change;;-3.312
Sudan;Unemployment rate;Percent of total labor force;;21.4
Sudan;Population;Persons;Millions;43.222
Suriname;Gross domestic product, current prices;U.S. dollars;Billions;3.683
Suriname;Inflation, average consumer prices;Percent change;;5.408
Suriname;Inflation, end of period consumer prices;Index;;144.833
Suriname;Volume of imports of goods and services;Percent change;;4.776
Suriname;Volume of exports of goods and services;Percent change;;1.326
Suriname;Unemployment rate;Percent of total labor force;;6.95
Suriname;Population;Persons;Millions;0.598
Sweden;Gross domestic product, current prices;U.S. dollars;Billions;547.123
Sweden;Inflation, average consumer prices;Percent change;;1.851
Sweden;Inflation, end of period consumer prices;Index;;107.37
Sweden;Volume of imports of goods and services;Percent change;;2.01
Sweden;Volume of exports of goods and services;Percent change;;1.536
Sweden;Unemployment rate;Percent of total labor force;;6.254
Sweden;Population;Persons;Millions;10.322
Switzerland;Gross domestic product, current prices;U.S. dollars;Billions;707.57
Switzerland;Inflation, average consumer prices;Percent change;;0.835
Switzerland;Inflation, end of period consumer prices;Index;;102.736
Switzerland;Volume of imports of goods and services;Percent change;;2.426
Switzerland;Volume of exports of goods and services;Percent change;;1.689
Switzerland;Unemployment rate;Percent of total labor force;;2.819
Switzerland;Population;Persons;Millions;8.586
Syria;Gross domestic product, current prices;U.S. dollars;Billions;n/a
Syria;Inflation, average consumer prices;Percent change;;n/a
Syria;Inflation, end of period consumer prices;Index;;n/a
Syria;Volume of imports of goods and services;Percent change;;n/a
Syria;Volume of exports of goods and services;Percent change;;n/a
Syria;Unemployment rate;Percent of total labor force;;n/a
Syria;Population;Persons;Millions;n/a
Taiwan Province of China;Gross domestic product, current prices;U.S. dollars;Billions;601.431
Taiwan Province of China;Inflation, average consumer prices;Percent change;;1.145
Taiwan Province of China;Inflation, end of period consumer prices;Index;;102.314
Taiwan Province of China;Volume of imports of goods and services;Percent change;;-0.599
Taiwan Province of China;Volume of exports of goods and services;Percent change;;1.078
Taiwan Province of China;Unemployment rate;Percent of total labor force;;3.66
Taiwan Province of China;Population;Persons;Millions;23.634
Tajikistan;Gross domestic product, current prices;U.S. dollars;Billions;7.698
Tajikistan;Inflation, average consumer prices;Percent change;;6.678
Tajikistan;Inflation, end of period consumer prices;Index;;1,066.79
Tajikistan;Volume of imports of goods and services;Percent change;;10.18
Tajikistan;Volume of exports of goods and services;Percent change;;9.6
Tajikistan;Unemployment rate;Percent of total labor force;;n/a
Tajikistan;Population;Persons;Millions;9.292
Tanzania;Gross domestic product, current prices;U.S. dollars;Billions;61.032
Tanzania;Inflation, average consumer prices;Percent change;;3.465
Tanzania;Inflation, end of period consumer prices;Index;;355.173
Tanzania;Volume of imports of goods and services;Percent change;;7.116
Tanzania;Volume of exports of goods and services;Percent change;;5.898
Tanzania;Unemployment rate;Percent of total labor force;;
Tanzania;Population;Persons;Millions;52.067
Thailand;Gross domestic product, current prices;U.S. dollars;Billions;516.662
Thailand;Inflation, average consumer prices;Percent change;;0.983
Thailand;Inflation, end of period consumer prices;Index;;103.705
Thailand;Volume of imports of goods and services;Percent change;;6.464
Thailand;Volume of exports of goods and services;Percent change;;4.356
Thailand;Unemployment rate;Percent of total labor force;;1.2
Thailand;Population;Persons;Millions;67.913
Timor-Leste;Gross domestic product, current prices;U.S. dollars;Billions;3.145
Timor-Leste;Inflation, average consumer prices;Percent change;;2.468
Timor-Leste;Inflation, end of period consumer prices;Index;;103.211
Timor-Leste;Volume of imports of goods and services;Percent change;;
Timor-Leste;Volume of exports of goods and services;Percent change;;
Timor-Leste;Unemployment rate;Percent of total labor force;;
Timor-Leste;Population;Persons;Millions;1.299
Togo;Gross domestic product, current prices;U.S. dollars;Billions;5.592
Togo;Inflation, average consumer prices;Percent change;;1.818
Togo;Inflation, end of period consumer prices;Index;;120.651
Togo;Volume of imports of goods and services;Percent change;;2.391
Togo;Volume of exports of goods and services;Percent change;;6.74
Togo;Unemployment rate;Percent of total labor force;;
Togo;Population;Persons;Millions;8.195
Tonga;Gross domestic product, current prices;U.S. dollars;Billions;0.493
Tonga;Inflation, average consumer prices;Percent change;;5.817
Tonga;Inflation, end of period consumer prices;Index;;133.868
Tonga;Volume of imports of goods and services;Percent change;;n/a
Tonga;Volume of exports of goods and services;Percent change;;n/a
Tonga;Unemployment rate;Percent of total labor force;;
Tonga;Population;Persons;Millions;0.101
Trinidad and Tobago;Gross domestic product, current prices;U.S. dollars;Billions;22.438
Trinidad and Tobago;Inflation, average consumer prices;Percent change;;1.137
Trinidad and Tobago;Inflation, end of period consumer prices;Index;;124.212
Trinidad and Tobago;Volume of imports of goods and services;Percent change;;-6.907
Trinidad and Tobago;Volume of exports of goods and services;Percent change;;-14.279
Trinidad and Tobago;Unemployment rate;Percent of total labor force;;4.825
Trinidad and Tobago;Population;Persons;Millions;1.381
Tunisia;Gross domestic product, current prices;U.S. dollars;Billions;36.204
Tunisia;Inflation, average consumer prices;Percent change;;7.466
Tunisia;Inflation, end of period consumer prices;Index;;129.156
Tunisia;Volume of imports of goods and services;Percent change;;0.1
Tunisia;Volume of exports of goods and services;Percent change;;2.95
Tunisia;Unemployment rate;Percent of total labor force;;n/a
Tunisia;Population;Persons;Millions;11.783
Turkey;Gross domestic product, current prices;U.S. dollars;Billions;706.237
Turkey;Inflation, average consumer prices;Percent change;;17.459
Turkey;Inflation, end of period consumer prices;Index;;454.931
Turkey;Volume of imports of goods and services;Percent change;;-7.197
Turkey;Volume of exports of goods and services;Percent change;;5
Turkey;Unemployment rate;Percent of total labor force;;12.703
Turkey;Population;Persons;Millions;83.023
Turkmenistan;Gross domestic product, current prices;U.S. dollars;Billions;50.346
Turkmenistan;Inflation, average consumer prices;Percent change;;13
Turkmenistan;Inflation, end of period consumer prices;Index;;519.709
Turkmenistan;Volume of imports of goods and services;Percent change;;41.11
Turkmenistan;Volume of exports of goods and services;Percent change;;8.891
Turkmenistan;Unemployment rate;Percent of total labor force;;
Turkmenistan;Population;Persons;Millions;5.972
Tuvalu;Gross domestic product, current prices;U.S. dollars;Billions;0.049
Tuvalu;Inflation, average consumer prices;Percent change;;3.681
Tuvalu;Inflation, end of period consumer prices;Index;;169.624
Tuvalu;Volume of imports of goods and services;Percent change;;
Tuvalu;Volume of exports of goods and services;Percent change;;
Tuvalu;Unemployment rate;Percent of total labor force;;
Tuvalu;Population;Persons;Millions;0.011
Uganda;Gross domestic product, current prices;U.S. dollars;Billions;30.368
Uganda;Inflation, average consumer prices;Percent change;;3.6
Uganda;Inflation, end of period consumer prices;Index;;181.005
Uganda;Volume of imports of goods and services;Percent change;;9.854
Uganda;Volume of exports of goods and services;Percent change;;7.531
Uganda;Unemployment rate;Percent of total labor force;;
Uganda;Population;Persons;Millions;40.007
Ukraine;Gross domestic product, current prices;U.S. dollars;Billions;134.887
Ukraine;Inflation, average consumer prices;Percent change;;8.028
Ukraine;Inflation, end of period consumer prices;Index;;91,107,056.05
Ukraine;Volume of imports of goods and services;Percent change;;4.391
Ukraine;Volume of exports of goods and services;Percent change;;4.72
Ukraine;Unemployment rate;Percent of total labor force;;8.523
Ukraine;Population;Persons;Millions;41.878
United Arab Emirates;Gross domestic product, current prices;U.S. dollars;Billions;427.876
United Arab Emirates;Inflation, average consumer prices;Percent change;;2.135
United Arab Emirates;Inflation, end of period consumer prices;Index;;287.897
United Arab Emirates;Volume of imports of goods and services;Percent change;;0.85
United Arab Emirates;Volume of exports of goods and services;Percent change;;2.889
United Arab Emirates;Unemployment rate;Percent of total labor force;;
United Arab Emirates;Population;Persons;Millions;10.749
United Kingdom;Gross domestic product, current prices;U.S. dollars;Billions;2,829.16
United Kingdom;Inflation, average consumer prices;Percent change;;1.837
United Kingdom;Inflation, end of period consumer prices;Index;;108.753
United Kingdom;Volume of imports of goods and services;Percent change;;3.148
United Kingdom;Volume of exports of goods and services;Percent change;;2.448
United Kingdom;Unemployment rate;Percent of total labor force;;4.229
United Kingdom;Population;Persons;Millions;66.867
United States;Gross domestic product, current prices;U.S. dollars;Billions;21,344.67
United States;Inflation, average consumer prices;Percent change;;1.998
United States;Inflation, end of period consumer prices;Index;;259.918
United States;Volume of imports of goods and services;Percent change;;3.901
United States;Volume of exports of goods and services;Percent change;;2.71
United States;Unemployment rate;Percent of total labor force;;3.788
United States;Population;Persons;Millions;329.559
Uruguay;Gross domestic product, current prices;U.S. dollars;Billions;60.231
Uruguay;Inflation, average consumer prices;Percent change;;7.633
Uruguay;Inflation, end of period consumer prices;Index;;200.617
Uruguay;Volume of imports of goods and services;Percent change;;0.561
Uruguay;Volume of exports of goods and services;Percent change;;-3.694
Uruguay;Unemployment rate;Percent of total labor force;;8.114
Uruguay;Population;Persons;Millions;3.519
Uzbekistan;Gross domestic product, current prices;U.S. dollars;Billions;49.199
Uzbekistan;Inflation, average consumer prices;Percent change;;16.463
Uzbekistan;Inflation, end of period consumer prices;Index;;6,253.89
Uzbekistan;Volume of imports of goods and services;Percent change;;9.077
Uzbekistan;Volume of exports of goods and services;Percent change;;8.051
Uzbekistan;Unemployment rate;Percent of total labor force;;
Uzbekistan;Population;Persons;Millions;33.169
Vanuatu;Gross domestic product, current prices;U.S. dollars;Billions;0.942
Vanuatu;Inflation, average consumer prices;Percent change;;1.991
Vanuatu;Inflation, end of period consumer prices;Index;;160.858
Vanuatu;Volume of imports of goods and services;Percent change;;
Vanuatu;Volume of exports of goods and services;Percent change;;
Vanuatu;Unemployment rate;Percent of total labor force;;
Vanuatu;Population;Persons;Millions;0.292
Venezuela;Gross domestic product, current prices;U.S. dollars;Billions;76.458
Venezuela;Inflation, average consumer prices;Percent change;;10,000,000.00
Venezuela;Inflation, end of period consumer prices;Index;;143,656,399,082,390.00
Venezuela;Volume of imports of goods and services;Percent change;;-57.365
Venezuela;Volume of exports of goods and services;Percent change;;-47.369
Venezuela;Unemployment rate;Percent of total labor force;;44.337
Venezuela;Population;Persons;Millions;28.067
Vietnam;Gross domestic product, current prices;U.S. dollars;Billions;260.301
Vietnam;Inflation, average consumer prices;Percent change;;3.091
Vietnam;Inflation, end of period consumer prices;Index;;276.736
Vietnam;Volume of imports of goods and services;Percent change;;13.254
Vietnam;Volume of exports of goods and services;Percent change;;12.852
Vietnam;Unemployment rate;Percent of total labor force;;2.21
Vietnam;Population;Persons;Millions;95.494
Yemen;Gross domestic product, current prices;U.S. dollars;Billions;29.079
Yemen;Inflation, average consumer prices;Percent change;;20
Yemen;Inflation, end of period consumer prices;Index;;1,277.72
Yemen;Volume of imports of goods and services;Percent change;;-6.552
Yemen;Volume of exports of goods and services;Percent change;;11.934
Yemen;Unemployment rate;Percent of total labor force;;
Yemen;Population;Persons;Millions;31.648
Zambia;Gross domestic product, current prices;U.S. dollars;Billions;24.615
Zambia;Inflation, average consumer prices;Percent change;;10.75
Zambia;Inflation, end of period consumer prices;Index;;246.606
Zambia;Volume of imports of goods and services;Percent change;;2.054
Zambia;Volume of exports of goods and services;Percent change;;10.105
Zambia;Unemployment rate;Percent of total labor force;;
Zambia;Population;Persons;Millions;18.321
Zimbabwe;Gross domestic product, current prices;U.S. dollars;Billions;22.29
Zimbabwe;Inflation, average consumer prices;Percent change;;73.425
Zimbabwe;Inflation, end of period consumer prices;Index;;120.568
Zimbabwe;Volume of imports of goods and services;Percent change;;
Zimbabwe;Volume of exports of goods and services;Percent change;;
Zimbabwe;Unemployment rate;Percent of total labor force;;
Zimbabwe;Population;Persons;Millions;15.658
